{
  "filename": "360_F_653339274_K3CWoVD0tKNP24eo9PPxwSR0UjWa6fJu.jpg",
  "side": "right",
  "sex": "male",
  "gender": "male",
  "imageWidth": 540,
  "imageHeight": 360,
  "contourLength": 268,
  "auto": {
    "g": 51,
    "n": 66,
    "prn": 97,
    "cm": 144,
    "sn": 181,
    "ls": 208,
    "pg": 258
  },
  "corrected": {
    "g": 49,
    "n": 68,
    "prn": 97,
    "cm": 106,
    "sn": 112,
    "ls": 127,
    "pg": 164
  },
  "autoConfidences": {
    "g": 0.7403595505617977,
    "n": 0.6809686270898118,
    "prn": 0.8315616349128807,
    "cm": 0.6106587917517157,
    "sn": 0.5525790290435731,
    "ls": 0.5587983312378499,
    "pg": 0.10570647330281728
  },
  "overallConfidence": 0.728684363910794,
  "skipped": false,
  "timestamp": 1774481483596
}