{
  "filename": "360_F_544549697_Y1pnNqqsvxO6fynzN5Z7Z3Goel0KPrHw.jpg",
  "side": "right",
  "sex": "female",
  "gender": "female",
  "imageWidth": 540,
  "imageHeight": 360,
  "contourLength": 196,
  "auto": {
    "g": 15,
    "n": 16,
    "prn": 110,
    "cm": 120,
    "sn": 131,
    "ls": 156,
    "pg": 178
  },
  "corrected": {
    "g": 52,
    "n": 71,
    "prn": 110,
    "cm": 120,
    "sn": 127,
    "ls": 144,
    "pg": 185
  },
  "autoConfidences": {
    "g": 0.255,
    "n": 0.5228895228593198,
    "prn": 0.7897050587911508,
    "cm": 0.5807344069990629,
    "sn": 0.740520904442362,
    "ls": 0.9142857142857143,
    "pg": 0.7926809872851959
  },
  "overallConfidence": 0.8206815347612152,
  "skipped": false,
  "timestamp": 1774481616318
}