{
  "filename": "istockphoto-1372281808-612x612.jpg",
  "side": "right",
  "sex": "female",
  "gender": "female",
  "imageWidth": 612,
  "imageHeight": 441,
  "contourLength": 375,
  "auto": {
    "g": 68,
    "n": 79,
    "prn": 171,
    "cm": 190,
    "sn": 213,
    "ls": 261,
    "pg": 351
  },
  "corrected": {
    "g": 64,
    "n": 82,
    "prn": 122,
    "cm": 131,
    "sn": 137,
    "ls": 156,
    "pg": 199
  },
  "autoConfidences": {
    "g": 0.7325454545454545,
    "n": 0.8186317130248825,
    "prn": 0.7488743325147753,
    "cm": 0.5573254990014426,
    "sn": 0.7015963469873325,
    "ls": 0.49688699327380653,
    "pg": 0.821166316248113
  },
  "overallConfidence": 0.8708976170706797,
  "skipped": false,
  "timestamp": 1774481549303
}