{
  "filename": "profile-head-thinking-with-man-studio-gray-background-looking-thoughtful-contemplative-idea-side-face-with-handsome-young-male-contemplating-thought-color-wall_590464-158947.jpg.avif",
  "side": "right",
  "sex": "male",
  "gender": "male",
  "imageWidth": 626,
  "imageHeight": 587,
  "contourLength": 366,
  "auto": {
    "g": 43,
    "n": 49,
    "prn": 189,
    "cm": 195,
    "sn": 203,
    "ls": 275,
    "pg": 287
  },
  "corrected": {
    "g": 113,
    "n": 138,
    "prn": 189,
    "cm": 195,
    "sn": 203,
    "ls": 222,
    "pg": 287
  },
  "autoConfidences": {
    "g": 0.7801369863013699,
    "n": 0.9638195004029009,
    "prn": 0.8121122364887045,
    "cm": 0.591241311620106,
    "sn": 0.8031552956637276,
    "ls": 0.9808219178082191,
    "pg": 0.49687031896357425
  },
  "overallConfidence": 0.9693138512943932,
  "skipped": false,
  "timestamp": 1774481773270
}