{
  "filename": "Screenshot 2026-03-25 at 5.18.27 PM.png",
  "side": "right",
  "imageWidth": 1300,
  "imageHeight": 1438,
  "contourLength": 1074,
  "auto": {
    "g": 237,
    "n": 267,
    "prn": 418,
    "cm": 590,
    "sn": 662,
    "ls": 769,
    "pg": 1061
  },
  "corrected": {
    "g": 216,
    "n": 275,
    "prn": 418,
    "cm": 460,
    "sn": 484,
    "ls": 563,
    "pg": 721
  },
  "autoConfidences": {
    "g": 0.803251591878168,
    "n": 0.5325783088162609,
    "prn": 0.7906504360663719,
    "cm": 0.7260471531383186,
    "sn": 0.9491237358002268,
    "ls": 0.5966888563440288,
    "pg": 0.5490062945078775
  },
  "overallConfidence": 0.8834547100984379,
  "skipped": false,
  "timestamp": 1774480929114
}