{
  "filename": "Screenshot 2026-03-25 at 5.18.27 PM.png",
  "side": "right",
  "imageWidth": 1300,
  "imageHeight": 1438,
  "contourLength": 1074,
  "auto": {
    "g": 238,
    "n": 267,
    "prn": 418,
    "cm": 577,
    "sn": 662,
    "ls": 748,
    "pg": 1061
  },
  "corrected": {
    "g": 216,
    "n": 272,
    "prn": 418,
    "cm": 462,
    "sn": 484,
    "ls": 563,
    "pg": 720
  },
  "autoConfidences": {
    "g": 0.8314631873252564,
    "n": 0.5384234531714738,
    "prn": 0.854401718059889,
    "cm": 0.5980812026419222,
    "sn": 0.9787977632805219,
    "ls": 0.6263886300093197,
    "pg": 0.5934960324665292
  },
  "overallConfidence": 0.8966164262419485,
  "skipped": false,
  "timestamp": 1774480539253
}