{
  "filename": "worldface-side-view-african-man_53876-23488.jpg.avif",
  "side": "right",
  "sex": "male",
  "gender": "male",
  "imageWidth": 740,
  "imageHeight": 480,
  "contourLength": 341,
  "auto": {
    "g": 56,
    "n": 66,
    "prn": 142,
    "cm": 169,
    "sn": 201,
    "ls": 238,
    "pg": 335
  },
  "corrected": {
    "g": 53,
    "n": 68,
    "prn": 96,
    "cm": 103,
    "sn": 107,
    "ls": 124,
    "pg": 174
  },
  "autoConfidences": {
    "g": 0.82,
    "n": 0.8788096950975337,
    "prn": 0.8200886060815233,
    "cm": 0.4639075509077415,
    "sn": 0.4902277025821751,
    "ls": 0.4862397786360726,
    "pg": 0.7983481251962768
  },
  "overallConfidence": 0.8495752604466649,
  "skipped": false,
  "timestamp": 1774481679182
}